Time,CAD,EUR,GBP,IDR,JPY,KRW,PLN,RUB,USD,others
2018-02-27 00:00:00 UTC,611.56848847,17995.23422514,2075.30984968,524.50296018,19787.0930249197,1927.9675183981,1071.7247257,685.75108444,88650.6863844005,1456.8604966354296
2018-02-28 00:00:00 UTC,319.88623635,17776.34477106,2465.86150604,462.66889615,21435.8635093195,2160.96582951794,1176.93399258,673.22406335,98266.0295249228,1464.1014761095103
2018-03-01 00:00:00 UTC,538.51896508,16178.2604887,1622.21126888,374.11635526,16120.0771190598,1568.87622837965,1292.73377705,689.17124094,81847.2977626658,1185.61792698595
2018-03-02 00:00:00 UTC,354.55636796,15092.6234837,2058.08841975,499.31153272,15568.7850507496,1833.07992171559,1040.52223364,680.42778855,70547.4750497497,1236.0141778821
2018-03-03 00:00:00 UTC,505.33576957,11795.48635112,1039.48205114,451.92537677,14937.6010380497,1654.3872356412,946.36428758,658.28260686,66734.2341098431,1026.61965535941
2018-03-04 00:00:00 UTC,319.56141291,11149.38897688,2166.44462391,283.3914537,13277.4808948998,1620.79051863151,780.58687182,610.58041278,57629.7982720366,694.5236107909802
2018-03-05 00:00:00 UTC,350.63324481,13645.63440811,2382.59541317,375.72339453,13417.2696199198,1409.58348958499,747.70458712,701.2529675,65467.7882436543,1118.8761317499998
2018-03-06 00:00:00 UTC,1279.5289023,32290.78562371,4310.2351407,663.09475198,29152.7253496694,2719.97851524022,2544.23434917,1077.26509746,147156.072667873,2534.9307026554598
2018-03-07 00:00:00 UTC,1891.64573444,46758.2733157898,5065.13539217,1119.13400946,35609.3243603394,5410.74108929454,3258.22943546,1205.46055169,218133.51556636,3528.062242182939
2018-03-08 00:00:00 UTC,1225.35912942,41577.05377798,5189.4329466,1002.0984642,37103.3567817493,4268.09654717018,2462.42199812,1123.96223409,211094.564247915,3395.2413698894907
2018-03-09 00:00:00 UTC,1416.39583538,39675.7989263899,3796.68478834,1010.31175663,35733.7678266592,4344.83419946525,2551.63393751,795.63269583,247154.988103583,3348.9585579594695
2018-03-10 00:00:00 UTC,648.2520348,19352.25857527,2314.77501631,401.94968331,18490.0231555096,1721.90744479969,967.89424817,665.11910321,108684.589381739,1395.3798925922397
2018-03-11 00:00:00 UTC,371.61114957,24035.56579261,2463.6420845,586.90530153,25044.1891882195,2277.18678208161,1009.97314183,645.89173548,139055.322941975,1089.70928569871
2018-03-12 00:00:00 UTC,657.51906328,25017.3531038799,2677.70255449,667.31618322,25587.3032527996,2216.58578310891,992.45233598,666.02730765,140679.671920583,1525.1972609049096
2018-03-13 00:00:00 UTC,457.06214829,18388.11582543,2552.37491935,465.73483817,23763.5486869795,1899.59697471407,1085.20485938,551.18360103,123825.239909892,1305.5249847233597
2018-03-14 00:00:00 UTC,1255.31166166,31410.4593533199,2679.4071753,915.06535792,24588.5691255096,2349.52218435045,1120.59955781,665.96232488,113090.245365121,2023.78413653592
2018-03-15 00:00:00 UTC,1247.99384037,31308.7228069999,2348.74108444,876.52660699,30746.5565089796,2941.66183607145,1462.68391413,721.73315306,172070.281751199,2252.73443076757
2018-03-16 00:00:00 UTC,877.01962118,21821.80545718,977.71233881,390.029961,23766.7651005896,1574.02594903092,756.54709764,700.86323634,118793.582203933,1221.5771083801599
2018-03-17 00:00:00 UTC,678.09190049,17707.58840461,757.72254604,364.65806473,18245.2565726897,1203.08767748543,907.87158584,615.81780124,102012.526273246,984.73544183354
2018-03-18 00:00:00 UTC,1263.02626927,28118.0239213499,2480.55682376,538.3773919,29569.9153579899,2403.96782259295,1288.30332683,633.59058875,180179.896244481,1749.24575089287
2018-03-19 00:00:00 UTC,1116.22832391,26064.92007153,2010.25000164,599.06944739,28118.3305774598,2933.79903408728,1042.0895806,672.55830501,158871.643642682,1858.9976192633897
2018-03-20 00:00:00 UTC,576.52556345,21474.37282012,1139.36110429,689.22050577,23153.0603007397,2591.18568438954,909.1082454,678.82052453,111722.133639162,1471.4653395595196
2018-03-21 00:00:00 UTC,549.70256922,17445.03653623,1443.44650799,516.63462891,20138.6513064598,1898.50603258371,871.11777312,610.27598957,100601.518665984,1485.6711094353298
2018-03-22 00:00:00 UTC,559.70004115,15891.28031964,1434.84123846,404.9407328,20943.9137033298,1558.65620091833,1083.28296868,510.33568816,109537.179145422,1214.7222747302894
2018-03-23 00:00:00 UTC,602.22739108,16545.39356675,1545.05551449,332.19363812,24570.3593065997,1450.72850374849,892.22577376,677.88453023,101378.373236986,1264.3130739433
2018-03-24 00:00:00 UTC,221.1346918,10847.31444123,1359.61631075,302.30171917,18830.4413339198,1312.52204942799,750.50126375,652.63434464,86457.2809914325,865.4650843756999
2018-03-25 00:00:00 UTC,193.68305136,9839.96745247,1352.80389202,278.86700652,16587.2611815098,743.570143419056,681.35347669,617.76145653,69879.3597667601,604.2441010582401
2018-03-26 00:00:00 UTC,849.40704226,19307.28775487,1878.70954828,459.23936481,19630.3472554698,1194.26276452922,1318.23503873,694.71428187,123135.682025596,1540.5110714603502
2018-03-27 00:00:00 UTC,678.35208768,15723.65520631,1868.98572175,352.56924961,21086.4700117798,1552.08846900591,1036.54240097,662.36299616,107306.506234381,1349.4200301715098
2018-03-28 00:00:00 UTC,492.47745699,11629.85712138,1487.29736619,263.59183288,14788.9790638299,864.629302754556,853.67790265,673.21162475,76143.8441308561,1061.90817793564
2018-03-29 00:00:00 UTC,1481.37939486,30593.55328216,2220.47911093,471.19214072,25084.3704981297,2440.66670603291,1786.05238333,732.06477228,174948.824799636,1830.0855233563
2018-03-30 00:00:00 UTC,968.95686466,32608.47338006,2122.52714577,632.26243387,30795.68466506,2679.37607608726,1902.60256439,782.23733607,214613.566909241,1685.9524328925102
2018-03-31 00:00:00 UTC,310.59783078,15980.76240438,1761.03310981,316.88957212,19087.9744761897,1362.71590989113,809.00484765,711.6003641,121270.218621933,902.0291897747301
2018-04-01 00:00:00 UTC,367.80341102,19321.80365132,1331.75780262,415.44978061,20253.9748746098,1813.95377295973,1120.70756247,388.29919566,121211.680241643,854.8071084951399
2018-04-02 00:00:00 UTC,716.95544219,14610.09673627,1552.6619444,414.74680969,17842.7640512998,1279.19117157396,717.70031939,432.0530548,99813.1381578028,1029.26716562976
2018-04-03 00:00:00 UTC,892.233616979999,18676.03853775,1551.48638543,474.26819277,23501.7563347698,2047.52030671509,800.06997943,740.35699143,114831.911274957,1655.7563110836597
2018-04-04 00:00:00 UTC,506.09987277,20653.23005306,1279.83352053,489.38508739,20488.0780918398,1843.31625034815,989.87704426,723.94730897,114354.843517279,1450.41392104805
2018-04-05 00:00:00 UTC,593.01877337,17373.03879793,1535.38756425,517.35055672,20150.9959535798,1824.48763157871,867.04100706,590.97238977,104599.320850139,1319.31933838335
2018-04-06 00:00:00 UTC,335.17575931,12893.35958288,1700.29788677,450.52936033,16377.7052419699,1026.23751897669,622.133847109999,708.57548774,85125.3180247422,1129.8983559014998
2018-04-07 00:00:00 UTC,318.69786997,10512.48321049,1492.54937596,293.32054319,12750.0597589799,1229.27067917517,610.01307773,711.23435162,75895.9929650902,866.6029718945097
2018-04-08 00:00:00 UTC,402.94302181,7377.75255069,1257.64379209,186.46294923,10227.1293660699,815.244977620284,645.47701031,641.85805796,55858.0921422165,595.9133689537001
2018-04-09 00:00:00 UTC,507.71566042,15468.16590874,1716.13412766,536.93807328,17966.6555959599,1458.89534735318,802.55077438,607.31854458,124740.223246584,1324.6870835323898
2018-04-10 00:00:00 UTC,393.26872657,9404.42529421,1527.71374032,279.2947571,11004.0847765799,827.203965005624,619.97096684,686.65622637,57459.6312252903,1038.9233438293102
2018-04-11 00:00:00 UTC,353.44342039,8490.64582985,773.19166176,267.6740776,6882.14730511996,644.122435084372,650.52315946,696.04570729,61285.7036715649,937.8475344118402
2018-04-12 00:00:00 UTC,1064.22782603,27167.0849491699,1800.38733058,1022.63587882,27058.3989240511,3288.67250766333,1304.52304491,820.32876785,186227.197333348,2187.820845236931
2018-04-13 00:00:00 UTC,792.47264971,21292.02957857,1052.15220517,766.87468481,29614.4425326997,2189.76009834196,719.48141319,839.21841423,133995.926116512,1686.7730909911604
2018-04-14 00:00:00 UTC,151.7063678,9380.04292769,623.58043188,319.45367866,16458.0875361498,1124.99299273061,560.63875056,699.01360986,60054.6314206275,667.7485556731699
2018-04-15 00:00:00 UTC,395.04068571,10672.99795615,1521.70753263,339.23157225,15175.24654269,1092.5000850509,683.12139165,664.50090741,64074.7679791395,683.53928871986
2018-04-16 00:00:00 UTC,460.99772768,13366.98223977,1771.84553262,583.28423058,20526.6894769098,1296.50037092309,797.46844008,687.11946769,83346.4513323182,1092.97758762777
2018-04-17 00:00:00 UTC,446.06028458,12348.92031299,1751.28472875,356.69818479,14987.7762474198,1122.78315621838,611.53707558,677.49012864,66451.1432099826,1104.1981589346199
2018-04-18 00:00:00 UTC,439.14438882,10771.36041288,1586.93009933,306.70205128,13006.1219310398,1245.44017679662,714.23342341,674.41712683,68303.4962826007,951.92791981284
2018-04-19 00:00:00 UTC,470.08129926,11238.92274514,1545.3160512,465.18405024,12967.0320650999,1648.42259015949,716.43377111,665.99398325,67483.6800525725,920.8651380352999
2018-04-20 00:00:00 UTC,458.91760569,17962.4168843,1908.29381415,648.92186762,18954.1024599299,2084.02363346596,869.62844381,727.92311525,108254.259052406,1421.5120789121904
2018-04-21 00:00:00 UTC,305.32770519,13158.38499245,1641.87954541,531.982117810002,20122.4336061397,1727.36223962239,715.72572551,683.13231067,85678.1062465788,1028.50086746506
2018-04-22 00:00:00 UTC,202.19394803,10662.62001778,1458.08237039,288.01132654,14143.5533781098,1111.97440510986,734.10746488,629.55820991,63202.8231614496,590.93191464088
2018-04-23 00:00:00 UTC,371.92333304,9625.72921186,1605.33991063,289.18604196,13076.9914680698,1203.4240650005,790.25764103,708.02852148,56950.2576275067,982.4566263271101
2018-04-24 00:00:00 UTC,647.36963475,19331.88293121,1915.6967212,656.70268432,25224.3174196995,2004.64724560313,889.00753281,744.739941,128727.772644599,1657.4867522921206
2018-04-25 00:00:00 UTC,624.61847453,27406.4626306299,2245.16052692,742.44103357,36900.5067840695,2865.9222546014,1323.55575014,740.04321259,176773.028355869,2020.4349115372097
2018-04-26 00:00:00 UTC,502.33800029,16680.9906348,1692.99220325,455.31885162,25398.1981060595,1687.98256702304,1125.1780824,703.58730405,103914.682409173,1130.56990881551
2018-04-27 00:00:00 UTC,315.32025327,12564.42248551,1825.54641223,376.47935591,17239.9082928097,1068.98347765735,1133.43179554,702.34451954,74982.2263342838,934.6249421328001
2018-04-28 00:00:00 UTC,171.7637071,10249.63531671,1586.4129858,347.1640789,18329.8246899498,909.856431883922,1073.13943493,687.8936422,85675.628893801,587.2034910080502
2018-04-29 00:00:00 UTC,276.4486978,8396.69762905,1419.70450431,355.45602633,15868.9346919198,1007.9191512696,1067.83179068,629.35431424,63357.3661220339,597.81888881995
2018-04-30 00:00:00 UTC,173.59336957,9209.69293383999,1638.29116236,358.47903247,11022.5900244999,1067.53685847435,939.36433808,657.00136829,58310.2185852318,793.96342597263
2018-05-01 00:00:00 UTC,524.55480328,11096.54273103,1676.14176019,346.69322443,15159.7390164898,1053.61155929045,1193.35460849,542.19391807,67593.1841609702,817.52252347338
2018-05-02 00:00:00 UTC,270.8034324,9427.34976237,1388.40174993,299.92433643,10635.5945358099,708.353673758153,1143.49570737,639.64879144,54513.3390593924,920.3986256172199
2018-05-03 00:00:00 UTC,600.27713177,14825.23734296,1697.91344026,546.16854227,16203.8382402398,1596.03933971319,1206.21235337,722.07544477,87926.2327372334,1302.2246258214498
2018-05-04 00:00:00 UTC,472.89410233,10244.549866,1550.00194043,412.15624481,10907.2647572499,964.255839525357,897.08247693,659.72539242,65263.7413936857,902.3329058266299
2018-05-05 00:00:00 UTC,405.56725956,9995.00241583,1143.3489222,325.29209033,10952.9051478799,759.210387301239,1065.41609156,684.57397292,66166.5017034306,808.0098363535901
2018-05-06 00:00:00 UTC,450.11866909,8388.25817540001,843.26750896,277.13931692,14903.9351732898,1106.77626010163,1497.6361777,626.86514306,57431.8735047435,585.40069564714
2018-05-07 00:00:00 UTC,372.04391119,11122.24378035,602.05032613,306.57404697,17033.6025817997,1002.04147193411,1004.9754036,654.45527584,64911.1658967362,881.23274522331
2018-05-08 00:00:00 UTC,427.52009481,9724.34949879,1491.48371904,273.45873814,14703.3607573598,897.78156149516,921.88919431,689.44423567,67573.5330828301,880.4632463126502
2018-05-09 00:00:00 UTC,226.25221941,8810.9390938,1411.75768821,222.04796959,12392.8341134599,1045.90982205538,1062.39719302,621.08572708,63711.7367789938,885.63387818369
2018-05-10 00:00:00 UTC,320.90366405,8295.22931098999,1537.01680123,223.83852975,12653.8163788398,823.652370912175,1288.20809567,645.75450764,62761.265089676,915.5634663824599
2018-05-11 00:00:00 UTC,381.42207732,16054.1441363,1915.21730048,459.8148087,17021.8192766796,1863.44728627031,1203.69197832,735.49231355,125510.396032628,1271.71582267644
2018-05-12 00:00:00 UTC,336.03543427,11789.66366941,1763.24184756,285.05661623,17175.3869767898,1013.45869741001,1110.0830449,682.55904113,85806.1435182378,807.1942052048599
2018-05-13 00:00:00 UTC,230.18689765,8720.63281102,1540.86486023,223.77150574,12937.3631389399,645.219510412605,937.96543117,622.11661188,56729.2417867779,481.10577276757994
2018-05-14 00:00:00 UTC,538.98056318,15219.76577334,1849.55016714,402.64830869,19326.3341022297,1431.62793997329,1151.16765115,704.71815881,94826.6904826637,1039.3456677819904
2018-05-15 00:00:00 UTC,400.9936954,10282.67267873,1185.44352158,294.197784,15587.5855116098,961.269923251506,1139.77431685,718.42127737,79009.4110637527,992.6261735153499
2018-05-16 00:00:00 UTC,473.36837842,12738.04020126,951.32569855,332.30111221,17376.8952830698,1154.98564293872,981.20335164,693.38277124,89124.7153357376,997.90285017128
2018-05-17 00:00:00 UTC,369.72812359,9731.23726029999,1750.20365668,246.01222098,13194.2802607899,678.644994319327,1005.60652592,676.15505376,69051.3062030461,762.0916935425998
2018-05-18 00:00:00 UTC,403.92732885,9763.99830393,1537.42213265,230.56415559,11801.0260672299,660.910006659819,945.34755825,698.69546095,61507.9942709491,804.2201470987202
2018-05-19 00:00:00 UTC,203.5089189,5833.71573157,1206.13252321,136.57047257,8888.06035001993,402.877883679768,608.92676606,600.62952909,39362.5957798577,459.465064952
2018-05-20 00:00:00 UTC,514.66259379,6300.93885038999,1301.24985917,141.2864561,8402.38898615995,462.628349385081,540.52378369,595.07982082,42171.6449631013,403.58737183556013
2018-05-21 00:00:00 UTC,251.58641612,7889.95446703,1375.88525676,220.12956375,9256.67118207995,672.893427525246,711.75611799,705.50067704,47455.99218925,744.3777383165299
2018-05-22 00:00:00 UTC,422.99532165,10238.25274428,1222.81678135,203.23413342,10404.7714073699,722.523828080584,938.10843998,683.06881028,58422.2297389824,927.8577157704499
2018-05-23 00:00:00 UTC,657.86457567,17959.76178009,1165.71301735,357.05085321,18906.4694535498,1067.68246031221,1711.90183354,732.41771669,111982.999350945,1354.4623086864801
2018-05-24 00:00:00 UTC,389.30156234,14330.91770106,1783.70651525,310.62396291,16253.8550699998,1250.17918273761,1368.20350174,678.70344169,99804.1057490514,1015.5041816154001
2018-05-25 00:00:00 UTC,298.43983103,9698.40609534,900.569629959999,213.44531924,12592.1677919999,657.689278832583,802.37849083,740.43174659,76564.1229009728,763.63749926337
2018-05-26 00:00:00 UTC,176.52725612,6095.02981302,866.22040071,169.08821368,6397.24018299996,511.662174606504,545.65149251,661.83099503,41758.2069787531,481.41987346679997
2018-05-27 00:00:00 UTC,130.76828599,6145.34822028002,1226.69646398,191.20725738,6291.48119726997,448.051891083737,464.50964046,635.52711131,40819.5832594752,371.37879434371996
2018-05-28 00:00:00 UTC,458.97304508,9903.91084509996,1238.30463061,413.83048618,10839.2330046299,1007.82375150875,719.67797154,707.27276739,64925.0241080332,890.31392308716
2018-05-29 00:00:00 UTC,322.9291524,13533.10361054,1102.27943832,278.0135908,12720.1647533997,903.332778712164,1153.68435795,703.32243395,76336.5367293571,1094.5453549031397
2018-05-30 00:00:00 UTC,187.64175654,8772.36591723,1448.68885409,275.95276314,11278.4633313698,670.151765523988,878.87916388,701.43523721,59638.6259082912,883.7566589564897
2018-05-31 00:00:00 UTC,292.72207548,7968.31938799999,1345.02370385,576.15125759,9506.96376983989,488.973123609784,711.59206955,471.08931513,53348.5623334577,754.99595936324
2018-06-01 00:00:00 UTC,190.04323917,6884.94009707999,1316.68045204,261.12252074,7793.93073301992,516.785598620399,799.41937119,414.83872186,53754.4052863338,720.85649033566
2018-06-02 00:00:00 UTC,229.34329884,6291.06412729998,1270.28233622,250.82986979,8254.05539300991,424.201768405433,612.33595272,409.21427009,41932.8359495878,526.2734880670001
2018-06-03 00:00:00 UTC,158.03725366,6468.33493248998,1258.92832395,275.40822159,5670.88211901997,333.926391927493,647.5527116,638.64694991,38205.4162269061,415.44372355420006
2018-06-04 00:00:00 UTC,237.75152476,8276.88839536,1409.26673582,334.06398667,8147.54376005994,545.713976782519,706.60579798,726.62523015,49913.5277737149,756.7688694747702
2018-06-05 00:00:00 UTC,219.87781759,9113.46294347998,1392.29128604,396.87522868,8675.74628379995,683.664386340524,1036.40596704,748.71409176,52519.2497162453,853.0820626014098
2018-06-06 00:00:00 UTC,233.10071181,8256.74381640995,1178.7291147,238.46668871,7429.80622938997,414.442741649879,874.6182379,718.63537193,48928.8344372615,811.9080999698499
2018-06-07 00:00:00 UTC,163.16816371,6365.10613934,1250.10355141,178.31200861,6503.35248234998,456.555024520359,935.82476854,673.25244112,40112.0855920714,787.5746650210199
2018-06-08 00:00:00 UTC,111.10217293,5789.6736321,1064.13352359,254.9283547,6233.20149178998,408.558709211475,622.46668304,639.90990621,35400.5231353131,749.3825648100001
2018-06-09 00:00:00 UTC,123.05614277,4630.21035441,878.39489398,136.94208808,3689.12590553,339.872804395279,429.55545945,700.04636511,26050.7847285285,400.24432478224
2018-06-10 00:00:00 UTC,225.57814423,17611.65986449,1055.0444368,483.74678535,14960.1756953898,1055.35954641134,1358.31993595,701.77094297,122272.829228681,919.5896369996201
2018-06-11 00:00:00 UTC,326.33202782,13675.3185652099,1703.81327843,453.55535437,13155.8476452899,879.208987126357,1119.87644793,732.35492117,68930.3246256258,1133.5793678787297
2018-06-12 00:00:00 UTC,465.63485253,12559.18507978,1738.87052942,383.01559632,10443.5903522999,767.10799021348,1077.07713447,792.10752854,75250.7146001193,1005.6568919573002
2018-06-13 00:00:00 UTC,429.97202913,18036.1349567799,1840.80901371,366.02935611,15526.7590840498,748.311773865476,1724.98611901,833.88606688,117263.215685786,1335.73357113893
2018-06-14 00:00:00 UTC,359.01313038,16316.4666963699,1680.12506675,360.85665005,15751.5744243698,919.733818274795,1424.94368745,880.31254434,92081.9014225292,1061.04084078873
2018-06-15 00:00:00 UTC,296.64977772,10524.8497215,1428.38492332,206.70649773,10410.2639963799,727.51104174617,998.57470984,847.61760553,58545.2516845607,739.52193428039
2018-06-16 00:00:00 UTC,315.03323625,6316.82462961,1246.77989793,143.88005989,6397.00889175998,401.922122519768,576.14005701,790.242608,37633.6893832808,410.82467201039
2018-06-17 00:00:00 UTC,101.51931413,4999.26094073,1214.05428084,103.72122511,4471.78901705,425.430381591049,491.31267313,737.36369345,30445.0406351169,280.62024001756004
2018-06-18 00:00:00 UTC,389.04903718,10293.5566855399,1568.94400681,225.64166171,10223.0037919099,631.216004638116,889.85542825,814.50245795,57615.4702313575,968.059841845
2018-06-19 00:00:00 UTC,167.58016002,9859.30949186994,1413.45948909,183.36219383,6340.25511710996,572.709631731909,750.27063847,796.28055277,47294.662972421,866.4876507813101
2018-06-20 00:00:00 UTC,192.1420359,8514.41144314997,1390.44020706,229.08146229,7600.52207271993,801.191306843607,876.0913001,802.636289080001,49896.7127589114,809.9519222701499
2018-06-21 00:00:00 UTC,186.8572914,6926.68954334998,1344.24115765,220.63569388,6878.53964198998,555.654260977506,634.08450441,823.9357403,34265.2717162211,847.8701578277798
2018-06-22 00:00:00 UTC,378.54160496,21455.96705077,1881.44377783,451.73226112,18459.1330046398,1025.07657188887,1492.96454353,876.79782107,125815.183131179,1386.0964327901304
2018-06-23 00:00:00 UTC,156.9880833,7129.92704910999,1346.95702433,212.48470976,6639.06022460998,500.045686627469,881.85422153,704.56468363,49208.8984282019,531.8910920096
2018-06-24 00:00:00 UTC,274.94334638,15806.42366217,1695.56040933,347.00953862,10212.9074229899,564.05820050538,1053.71867275,782.26590562,100974.795233188,789.5098415444799
2018-06-25 00:00:00 UTC,204.2212865,11975.47706446,1651.01272647,256.2286974,7050.55961748993,574.899225063283,1171.18797455,765.15648281,71323.6465602317,953.8716231065099
2018-06-26 00:00:00 UTC,190.0712328,10188.58610992,1391.10837189,210.11172464,5004.86677694999,619.04917378807,807.21629222,769.17942073,55852.7744206376,959.5418877271501
2018-06-27 00:00:00 UTC,242.13647498,8493.71278276995,1434.31082857,160.14920612,5672.76480202999,507.045146741764,1019.63504809,750.55225356,54633.5907151347,805.0598005408999
2018-06-28 00:00:00 UTC,174.45281428,8825.96941207999,1362.93215986,317.49766317,4958.85078196999,658.788496958243,991.13883218,711.09121507,55391.5776223606,920.6145110756902
2018-06-29 00:00:00 UTC,394.44102124,11654.76190813,660.34850196,308.95309555,7617.99782590992,771.189466042288,1569.89135925,827.36144434,85175.4995462028,1171.19087775186
2018-06-30 00:00:00 UTC,362.78844786,8353.87640575,1370.94432303,302.53870779,7171.14230986996,699.473532093466,817.02430984,831.18050524,58720.2867469617,932.09713462612
2018-07-01 00:00:00 UTC,120.04955442,5752.72657813999,1318.07758018,161.7386402,3785.69464482999,318.212872414155,596.77527817,653.07733596,35718.4013803961,436.95858038587
2018-07-02 00:00:00 UTC,453.63297668,9501.82292386999,1483.05883481,292.39193739,6900.22780204999,669.81763853132,1282.18268827,559.37079652,63830.6543119197,1117.27909066913
2018-07-03 00:00:00 UTC,361.54330399,8149.69623974,1404.44232274,198.42198489,5213.03351846998,650.267858795292,833.45228075,679.03099149,49932.9740486753,1164.9074984835197
2018-07-04 00:00:00 UTC,258.33622138,8283.11482475998,1455.17533933,250.58659576,7701.22565620996,604.125936490823,1076.71415269,702.48318301,57419.6007485019,1018.0602271478899
2018-07-05 00:00:00 UTC,204.26718209,8603.02561246,1391.93578376,217.64041303,8674.58615611994,632.779674676746,1041.61035429,849.66115551,58981.5738117347,902.6667845673601
2018-07-06 00:00:00 UTC,170.6825819,6444.56478611,1184.29521829,200.30755083,4754.14251061,653.505027414304,762.0548922,854.60758831,43917.2249000742,760.9233993497198
2018-07-07 00:00:00 UTC,470.57851622,5378.9352112,1012.60092953,201.09056909,4443.58489350997,434.558913233439,565.72506558,788.51000398,41217.4200963013,583.70301480519
2018-07-08 00:00:00 UTC,154.03056016,5678.62685445,1187.48980448,230.82508375,3606.40963817999,383.172967922415,743.96974489,759.77605358,35562.0605241781,504.49969535783003
2018-07-09 00:00:00 UTC,121.02743724,7021.19462608,1458.57024954,295.91280612,4250.98913186998,534.121829847997,999.67479015,816.81002346,46051.2449779273,796.1540742923598
2018-07-10 00:00:00 UTC,280.37202758,11292.55576839,1378.31120603,347.79348455,6893.18253998995,803.528458012404,1034.15220436,738.54215143,68162.4243614849,1040.26448640372
2018-07-11 00:00:00 UTC,358.61614116,8443.30249236,1362.97701121,237.90799199,5264.03408305999,489.953753759238,892.88807451,708.58195163,46212.1512083427,988.0485432482798
2018-07-12 00:00:00 UTC,304.6323502,9222.31270417999,1375.76457992,366.56444589,4172.99015897998,749.576762888735,1070.06797945,731.62177039,63399.3192576798,1098.98973449677
2018-07-13 00:00:00 UTC,217.19155481,8537.67487526,1383.17572441,183.69524429,3551.12559308,558.922912290079,767.17848738,907.95548457,49118.6646311532,785.3352641923301
2018-07-14 00:00:00 UTC,103.90933867,4347.6252283,1175.30161628,111.07049282,1894.58441925,218.891313869108,453.3226928,647.89553363,29318.2146523846,434.33267469283004
2018-07-15 00:00:00 UTC,101.76109081,5882.19785275,1239.29631312,140.18715934,2112.28648016,272.517902145333,650.55840205,462.91049181,33157.892268528,424.5742222050899
2018-07-16 00:00:00 UTC,286.79609781,14776.93345383,1611.36988835,412.85152917,8568.60771890986,965.78162188508,1165.50815867,800.06009841,73132.7154959132,1110.82897840993
2018-07-17 00:00:00 UTC,837.96424787,15167.70495911,1755.97797834,637.33952759,11206.7388519399,1264.38049654605,1389.19531877,912.80258621,107913.214177993,1647.7015584574297
2018-07-18 00:00:00 UTC,745.76051106,13772.08033858,1688.19593139,540.13974473,9943.17990022988,1145.46591680426,1591.11960056,765.2876433,97296.8507903583,1383.27902986139
2018-07-19 00:00:00 UTC,355.92379895,9409.18899689999,1446.55609725,410.41056895,5941.95798601993,923.144054611281,1178.27295168,880.36791203,63319.0509274338,947.7791387473501
2018-07-20 00:00:00 UTC,682.78720777,11141.37260606,1540.22067764,409.32619701,7642.53475052991,846.384802570457,1068.32591624,804.99802122,73806.9375706496,969.9518163404402
2018-07-21 00:00:00 UTC,251.1085542,6325.12440786,1211.68067892,193.30835227,3504.27817726995,380.053382188174,654.35552433,629.71243777,34540.6337253656,482.78111132402
2018-07-22 00:00:00 UTC,275.63560272,6747.54511318,1383.00900887,196.37509797,4763.32296007996,337.851248552603,639.29594722,710.25633049,43301.0733912166,363.54968333099
2018-07-23 00:00:00 UTC,400.49722013,13147.63145387,1592.67887069,340.73530486,8454.11137335965,919.343472831635,1592.66690473,761.12573409,94265.1786809147,1084.8606711192401
2018-07-24 00:00:00 UTC,609.5332569,20310.48161584,2031.48548464,626.85414638,13881.7452223395,1291.53267956516,1807.30645672,686.53853315,129717.547682479,1401.3904009730297
2018-07-25 00:00:00 UTC,544.89411253,12790.81924058,1697.12588265,434.06247995,9915.87695116978,1293.32242886237,1209.65886883,810.84091786,84657.945453295,1166.40397685288
2018-07-26 00:00:00 UTC,297.43503624,11835.12210795,1728.46568871,289.65514167,8324.81672575987,907.282810294482,1088.05701001,756.56545554,75199.7267211389,1088.9594405186403
2018-07-27 00:00:00 UTC,174.69475381,11545.67735252,1674.63068878,278.63454674,10139.7305198898,1005.3873829727,1067.24478481,728.04678826,75971.7331120684,1024.32120659164
2018-07-28 00:00:00 UTC,134.60817632,4888.07800455,1360.44564697,101.44347973,4613.67285616997,397.553467323623,537.1680178,580.26434593,34422.509150222,437.34303131224004
2018-07-29 00:00:00 UTC,208.46621479,4739.74507525,1237.18869783,95.88118315,3970.71381388997,355.647859489642,545.54252956,685.46274741,32374.0441546964,345.4589889767101
2018-07-30 00:00:00 UTC,314.02411541,12268.56882147,1548.81340556,241.62909172,8174.61445542989,837.177530705867,1191.91434917,621.19374082,83054.7747597218,884.21465182077
2018-07-31 00:00:00 UTC,328.3006045,14397.00434452,1646.46152799,306.49841733,9986.23009201978,864.276819908326,1398.94491766,693.94658777,93203.861055744,1171.50587791378
2018-08-01 00:00:00 UTC,449.20169715,12503.61063749,1523.06702297,328.48245165,8615.46821695985,766.818167120648,1174.92290885,764.10294074,76257.8634523005,1043.1690344286
2018-08-02 00:00:00 UTC,178.26054404,7519.83977478,1417.44254739,232.31629789,6464.71865388992,550.920765304729,804.53587901,685.66883424,50043.3556358596,933.17919325636
2018-08-03 00:00:00 UTC,233.81856681,11434.16697116,1626.44635248,246.58732668,6833.59847187993,772.035218121308,1177.46538713,706.64053776,73671.6295744818,954.9632821253499
2018-08-04 00:00:00 UTC,188.46438584,10420.46536077,1426.26033037,201.44064437,6455.9119439199,542.389853622005,948.04413672,741.71214049,72471.1468108141,658.01974121599
2018-08-05 00:00:00 UTC,165.78778986,7335.95059068,1363.39967128,133.54200415,5093.25641576997,371.206179490385,778.23292572,637.22878151,48892.1350229057,431.91744058728005
2018-08-06 00:00:00 UTC,228.44366243,8010.63498249,1417.20809162,208.99551812,7182.6056927999,584.703827638053,763.39947257,737.93581346,53731.5183717359,982.34371866521
2018-08-07 00:00:00 UTC,537.7532909,12316.224724,1619.32148331,253.98452233,7617.87744330988,714.654784015653,1613.39010514,628.67897191,78995.0276705606,1198.5858101447598
2018-08-08 00:00:00 UTC,371.0631449,17426.28401329,2007.94311585,381.93857928,12779.9350949997,1003.17845882343,2170.92421688,806.98491882,128684.848116928,1397.7895491596103
2018-08-09 00:00:00 UTC,305.68650514,13244.793178,1650.48934736,232.06691937,9862.86435359985,772.283561609576,1579.96888588,643.29923683,83533.3964421097,1236.11942042293
2018-08-10 00:00:00 UTC,368.04755903,14455.19004121,1397.74100288,290.16899874,11712.5434892898,802.131178454539,1622.27374001,711.91541473,99497.7419894428,1182.1148124410201
2018-08-11 00:00:00 UTC,614.85628375,9727.22583470999,1548.23830742,205.85874272,8135.78034859989,596.985567781313,1323.93071936,609.9480018,83416.1081078178,718.10570540934
2018-08-12 00:00:00 UTC,209.69951817,9158.39474239001,1413.96404826,124.70472729,7753.21226726994,337.259612906471,959.3270234,543.78601102,63120.6428764483,497.30561634226
2018-08-13 00:00:00 UTC,248.20363806,12006.59433837,1561.85201041,235.52971314,9430.30067233988,812.967567560403,1393.11321764,662.57548198,76488.9139919009,997.0336927163698
2018-08-14 00:00:00 UTC,356.09578452,17522.75671416,1871.3338969,406.85076248,11944.3656872998,1005.64917538235,2135.64448369,713.60379064,122291.017128791,1587.1096265793499
2018-08-15 00:00:00 UTC,293.68031546,16972.91661681,1688.74485574,373.28684412,12258.5490519098,936.086045592945,1580.95591627,717.11203564,129782.044603548,1525.5557464902597
2018-08-16 00:00:00 UTC,325.05487747,10987.94620068,1542.75164035,231.64264518,8752.43663731991,742.787353112631,1952.52013546,633.08765872,66129.3450188098,1069.7703713827
2018-08-17 00:00:00 UTC,313.63552876,9552.0460697,1514.57156364,232.24838415,8233.15326776993,665.379394949871,1184.3755929,637.03363692,67961.7777152933,847.4669829915199
2018-08-18 00:00:00 UTC,222.97407374,7948.16245009,1400.47656554,276.86937754,4902.96230719997,449.637374068334,591.9368701,584.75066726,50123.6621536155,667.7994363122102
2018-08-19 00:00:00 UTC,133.58625699,6948.50296163,1612.93397963,140.05259654,4123.12453064,289.440300264826,580.14973135,521.96613827,38869.6502569461,427.97860100630004
2018-08-20 00:00:00 UTC,321.49185823,9953.83029283,1370.13471845,247.60357144,7100.84874153996,495.528232155106,852.93948435,708.52262062,68790.9164784205,759.86363827913
2018-08-21 00:00:00 UTC,196.83055872,9039.35322845,1113.38280802,234.48425351,7234.39685254997,632.112686170319,1029.24421741,676.79359285,61185.2230864962,785.2807037896499
2018-08-22 00:00:00 UTC,700.75881469,15965.09619713,1549.86109547,363.93091266,14250.8158785498,1408.65905027194,1752.95393072,728.46287759,123109.83419178,1482.1591138751603
2018-08-23 00:00:00 UTC,206.17309069,9197.19487532,1418.64015441,180.49439752,6451.41329550998,446.292769157025,1095.34261523,719.67508675,51065.8455531869,859.1723726300002
2018-08-24 00:00:00 UTC,310.92583389,7980.87718074,1445.29258276,320.63385275,6984.47676432998,514.731586801387,1107.87820547,759.20526573,56106.8268862738,750.7592983465302
2018-08-25 00:00:00 UTC,154.93058511,5825.86746865,1405.26066552,198.05841458,5689.77198050998,461.056896812204,723.44044363,691.97695095,44905.2235956574,580.0754692975099
2018-08-26 00:00:00 UTC,185.55126763,5387.36475749,1295.06840108,147.11346809,4476.14155152001,321.842544823738,555.29351254,637.01518089,42098.940031671,394.20328603099995
